customer_id,tenure_months,monthly_spend_sar,support_calls_6m,data_usage_gb,plan_type
C1000,6,90.16,5,11.5,Prepaid
C1001,56,496.68,0,37.3,Prepaid
C1002,3,150.35,9,9.5,Prepaid
C1003,39,74.26,1,5.0,Postpaid
C1004,1,169.63,7,11.8,POSTPAID
C1005,16,267.82,1,99.5, Postpaid 
C1006,37,102.71,1,8.6,Prepaid
C1007,1,267.17,2,61.2,Postpaid
C1008,5,294.48,2,84.2,Postpaid
C1009,40,436.34,5,37.4,Prepaid
C1010,32,94.0,1,5.8,Prepaid
C1011,23,264.11,0,91.1,Prepaid
C1012,74,530.59,1,40.2,Postpaid
C1013,20,222.8,1,73.1,Postpaid
C1014,23,254.83,3,63.4,Postpaid
C1015,30,89.47,1,4.7,Prepaid
C1016,3,156.36,10,11.7,Postpaid
C1017,14,302.35,3,86.2, Prepaid 
C1018,40,82.05,0,3.3,Prepaid
C1019,54,411.29,2,37.2,Postpaid
C1020,75,,2,34.1,Postpaid
C1021,20,236.02,1,65.9,Prepaid
C1022,28,72.5,1,6.2,Prepaid
C1023,35,439.18,2,37.1,Postpaid
C1024,2,170.88,9,8.4,Postpaid
C1025,18,240.18,4,77.5,Postpaid
C1026,23,442.84,2,24.4,Postpaid
C1027,25,416.5,2,44.0,Prepaid
C1028,2,133.61,2,10.2,Postpaid
C1029,61,348.78,1,36.1,Postpaid
C1030,50,382.87,0,41.8,Postpaid
C1031,15,252.96,0,134.3,POSTPAID
C1032,13,61.37,1,0.5,Postpaid
C1033,19,287.33,3,81.3,Postpaid
C1034,41,75.98,2,4.3,Prepaid
C1035,32,261.48,1,89.9,Postpaid
C1036,51,104.96,0,6.2,Postpaid
C1037,31,186.48,2,75.0,Postpaid
C1038,68,440.94,2,29.0,Postpaid
C1039,18,277.47,2,86.3,Postpaid
C1040,33,66.52,0,7.2,Prepaid
C1041,54,95.26,1,0.5,Postpaid
C1042,5,85.91,6,15.8,Prepaid
C1043,65,392.68,0,32.3,Prepaid
C1044,18,322.35,2,78.4,Postpaid
C1045,30,101.9,0,4.2,Prepaid
C1046,34,411.03,2,43.5,Prepaid
C1047,25,261.28,3,75.5,postpaid
C1048,25,97.6,0,3.2,Postpaid
C1049,71,415.36,2,32.7,Postpaid
C1050,6,129.87,5,12.9,Prepaid
C1051,61,354.65,0,33.5,Prepaid
C1052,34,69.09,0,1.6,Postpaid
C1053,34,94.63,1,5.6,Prepaid
C1054,49,363.96,2,28.5,Postpaid
C1055,1,163.04,5,12.5,Postpaid
C1056,22,315.11,1,57.9,Postpaid
C1057,38,110.43,0,5.9,Postpaid
C1058,5,173.95,10,12.4,Postpaid
C1059,59,367.13,2,32.5,Prepaid
C1060,46,110.6,1,5.3,Postpaid
C1061,48,513.11,0,30.9,Prepaid
C1062,4,102.73,3,22.0,POSTPAID
C1063,21,189.76,1,70.8,Prepaid
C1064,32,72.1,1,3.1,Postpaid
C1065,52,398.41,1,28.6, Postpaid 
C1066,29,113.02,1,4.4,prepaid
C1067,17,265.45,3,55.5,PREPAID
C1068,59,439.36,2,39.4,Postpaid
C1069,5,132.32,5,7.5,Postpaid
C1070,31,86.02,0,5.2,Prepaid
C1071,44,76.27,0,9.0,Postpaid
C1072,27,432.82,0,33.5,Prepaid
C1073,53,485.37,0,30.9,Postpaid
C1074,36,97.41,0,9.4,Postpaid
C1075,40,527.52,0,42.0,Postpaid
C1076,5,146.06,7,9.4,Postpaid
C1077,8,136.37,6,12.3,Postpaid
C1078,43,98.5,0,3.4,Postpaid
C1079,41,488.6,0,47.5,Prepaid
C1080,4,145.75,4,,Postpaid
C1081,39,115.71,0,8.3,Postpaid
C1082,30,96.53,1,5.8,Prepaid
C1083,37,112.59,1,7.7,Prepaid
C1084,18,315.9,5,48.8,Postpaid
C1085,24,278.58,2,88.6,Postpaid
C1086,45,439.0,0,37.7,Prepaid
C1087,20,235.58,2,80.3,Postpaid
C1088,54,474.54,1,31.2,Postpaid
C1089,27,2750.0,0,31.9,Postpaid
C1090,33,99.06,3,4.4,Postpaid
C1091,5,126.81,5,11.8,Postpaid
C1092,31,105.82,0,4.3,PREPAID
C1093,38,418.68,1,35.9,Prepaid
C1094,4,134.01,6,9.7,Postpaid
C1095,24,306.12,3,66.1,Postpaid
C1096,66,331.68,1,27.1,Prepaid
C1097,50,375.77,0,32.4,Postpaid
C1098,47,356.84,0,29.5,Prepaid
C1099,4,167.55,5,13.7,Postpaid
C1100,24,250.4,4,65.7,Postpaid
C1101,38,431.01,2,25.3,postpaid
C1102,47,480.17,1,30.8,Prepaid
C1103,34,92.66,0,,Postpaid
C1104,2,195.13,2,14.4,Prepaid
C1105,48,87.18,0,9.2,Postpaid
C1106,17,226.08,3,99.1,Postpaid
C1107,60,540.29,0,,Prepaid
C1108,21,243.03,3,92.8,Postpaid
C1109,24,514.25,2,36.4,Postpaid
C1110,82,426.89,3,40.8,Postpaid
C1111,16,300.17,4,70.7,Postpaid
C1112,22,248.48,3,102.4,Postpaid
C1113,52,381.95,1,35.7,Postpaid
C1114,22,290.38,4,87.7,Postpaid
C1115,44,355.64,1,33.7,Postpaid
C1116,39,370.07,0,34.1,Postpaid
C1117,3,,4,15.1,Postpaid
C1118,7,185.34,6,13.8,Prepaid
C1119,35,86.28,0,6.9,Postpaid
C1120,25,288.28,1,88.8,Postpaid
C1121,37,388.39,4,46.0,Postpaid
C1122,32,94.62,0,6.0,Postpaid
C1123,65,435.43,0,30.9,Postpaid
C1124,36,89.29,1,3.4,Postpaid
C1125,52,375.69,1,17.9,Postpaid
C1126,51,436.45,0,13.8,Prepaid
C1127,23,145.32,2,113.3,Postpaid
C1128,44,381.38,3,20.7,Prepaid
C1129,28,492.06,0,39.1,Postpaid
C1130,19,233.67,1,77.5,Postpaid
C1131,24,160.22,0,61.5,Prepaid
C1132,50,329.28,0,44.5, Postpaid 
C1133,18,223.24,0,85.6,Prepaid
C1134,12,114.74,2,6.6,Postpaid
C1135,56,342.96,0,27.6,Postpaid
C1136,63,466.52,0,36.4,Prepaid
C1137,49,104.46,1,9.0,Postpaid
C1138,48,525.62,0,33.1,Postpaid
C1139,24,85.78,0,5.8,POSTPAID
C1140,27,87.99,1,5.7,Prepaid
C1141,30,538.87,3,55.3,Prepaid
C1142,44,,1,41.1,Postpaid
C1143,3,111.73,7,10.6,Postpaid
C1144,5,141.92,13,11.4,Prepaid
C1145,35,78.75,0,2.6,Postpaid
C1146,25,282.61,1,104.8, Postpaid 
C1147,28,83.53,0,1.5,Prepaid
C1148,8,143.25,5,13.7,Postpaid
C1149,7,124.21,5,13.1,Postpaid
C1150,19,195.92,2,89.1,Prepaid
C1151,29,96.25,0,2.3,Postpaid
C1152,5,166.05,12,12.2,Prepaid
C1153,20,287.68,3,97.6,Postpaid
C1154,50,100.14,0,6.2,Prepaid
C1155,37,90.32,1,3.4,Prepaid
C1156,3,146.11,10,17.8,Postpaid
C1157,58,434.84,0,41.2,Postpaid
C1158,42,88.22,0,5.4,Postpaid
C1159,2,157.73,5,10.7,Postpaid
C1160,19,252.06,1,76.1,Prepaid
C1161,6,115.73,7,17.3,Postpaid
C1162,1,112.98,7,14.6,PREPAID
C1163,22,86.9,0,3.3,Postpaid
C1164,29,443.1,0,,Prepaid
C1165,19,256.44,2,41.9,Postpaid
C1166,1,170.99,4,15.0,Postpaid
C1167,23,99.34,0,6.2,Postpaid
C1168,35,77.36,0,3.7,Postpaid
C1169,52,414.56,2,22.2,Prepaid
C1170,29,90.06,0,4.0,Postpaid
C1171,4,171.67,5,13.0,Postpaid
C1172,18,157.09,2,79.7,Postpaid
C1173,54,410.05,1,31.6,Prepaid
C1174,20,272.94,1,67.8,Postpaid
C1175,31,241.98,1,80.1,Postpaid
C1176,3,138.11,12,14.0,Postpaid
C1177,20,276.61,1,80.3,Postpaid
C1178,2,143.36,5,16.2,Postpaid
C1179,39,97.67,0,3.4,Prepaid
C1180,23,241.17,2,63.8,Postpaid
C1181,24,69.45,1,7.2,Prepaid
C1182,26,72.07,1,5.2,Postpaid
C1183,46,466.64,3,43.4,Prepaid
C1184,5,152.16,2,10.4,Postpaid
C1185,22,245.72,0,87.5,PREPAID
C1186,50,80.56,0,4.0,Prepaid
C1187,31,75.45,0,3.6,prepaid
C1188,48,97.3,1,4.7,Postpaid
C1189,60,462.96,1,32.5,Postpaid
C1190,64,431.46,0,,Prepaid
C1191,37,100.35,0,3.4,Postpaid
C1192,2,242.51,3,114.2,Postpaid
C1193,58,343.09,0,,Prepaid
C1194,24,313.77,1,58.8,Postpaid
C1195,20,210.85,1,69.5,Postpaid
C1196,5,135.32,2,11.4,Postpaid
C1197,4,151.04,7,11.7,POSTPAID
C1198,4,162.7,8,13.2,Postpaid
C1199,4,162.22,8,14.5,Prepaid
C1200,39,458.54,0,39.7,Postpaid
C1201,47,103.68,1,6.3,Postpaid
C1202,58,264.29,0,28.6,Postpaid
C1203,48,2500.0,1,37.6,Postpaid
C1204,61,423.24,2,24.0,Postpaid
C1205,18,3100.0,1,86.9,Postpaid
C1206,5,161.12,6,12.9,Postpaid
C1207,38,101.07,1,4.0,Postpaid
C1208,9,234.82,2,82.7,Prepaid
C1209,3,183.54,3,9.9,Postpaid
C1210,22,104.94,0,6.3,Postpaid
C1211,4,110.21,8,8.2,Prepaid
C1212,24,199.93,3,113.7,Prepaid
C1213,5,150.7,9,13.9,Prepaid
C1214,35,1990.0,0,44.0,Postpaid
C1215,22,295.07,2,78.2,Postpaid
C1216,8,135.34,8,10.4,Postpaid
C1217,23,267.39,2,97.0,Postpaid
C1218,7,165.63,7,8.4,Postpaid
C1219,51,299.46,1,26.9,Prepaid
C1220,69,475.54,2,54.0,Postpaid
C1221,49,,0,3.1,Prepaid
C1222,60,426.15,2,28.8,Postpaid
C1223,10,292.42,2,76.9,Postpaid
C1224,5,137.09,3,10.1, Postpaid 
C1225,37,82.44,0,7.4,Postpaid
C1226,48,367.65,2,38.1,Postpaid
C1227,1,,9,11.3,Prepaid
C1228,38,81.21,0,5.0,Postpaid
C1229,19,228.95,1,85.8,Postpaid
C1230,43,,2,4.8,Prepaid
C1231,46,,0,41.0,Postpaid
C1232,30,272.01,0,73.3,Postpaid
C1233,43,448.83,1,35.6,POSTPAID
C1234,47,492.0,0,41.0,Postpaid
C1235,43,433.49,3,25.0,Postpaid
C1236,2,136.52,6,16.8,Postpaid
C1237,3,125.1,4,9.3,Postpaid
C1238,5,136.47,6,13.1,Postpaid
C1239,3,163.03,4,7.9,Prepaid
C1240,1,158.93,5,8.7,Postpaid
C1241,47,440.33,3,28.4,Prepaid
C1242,23,267.0,4,84.6,postpaid
C1243,12,226.26,3,77.1,Postpaid
C1244,28,,2,67.9,Prepaid
C1245,18,246.06,3,55.8,Prepaid
C1246,44,87.88,0,3.2,Postpaid
C1247,33,97.72,0,4.9,Postpaid
C1248,46,105.79,0,5.1,Prepaid
C1249,5,125.01,3,18.0,Prepaid
C1250,2,141.28,9,11.9,Prepaid
C1251,44,99.23,0,2.3,Postpaid
C1252,21,305.75,3,86.3,Prepaid
C1253,20,199.06,3,71.0,Prepaid
C1254,18,313.62,0,69.3,Prepaid
C1255,46,422.65,2,,Postpaid
C1256,30,103.79,0,9.2,Postpaid
C1257,3,149.38,6,18.0,Postpaid
C1258,7,110.55,8,10.1,Prepaid
C1259,60,95.84,0,4.7,Prepaid
C1260,45,106.8,2,5.3,Prepaid
C1261,15,300.07,3,68.7,Postpaid
C1262,16,248.54,1,,Postpaid
C1263,24,236.11,1,86.1,Postpaid
C1264,28,102.58,0,2.8,Prepaid
C1265,34,94.27,0,,Prepaid
C1266,24,,0,96.7,Postpaid
C1267,58,366.07,0,47.1,Postpaid
C1268,2,134.52,4,19.7,Prepaid
C1269,19,237.86,1,84.5,Postpaid
C1270,18,338.7,3,83.7,Postpaid
C1271,21,237.27,2,88.9,Postpaid
C1272,35,106.83,0,4.9, Postpaid 
C1273,30,101.25,2,4.3,Postpaid
C1274,15,306.34,3,89.1,Postpaid
C1275,21,165.63,4,88.9,Postpaid
C1276,4,152.7,3,11.1,Postpaid
C1277,1,140.99,6,11.7,Prepaid
C1278,4,151.45,6,5.3,Prepaid
C1279,20,203.16,0,98.4,Postpaid
C1280,17,304.79,3,95.6,Postpaid
C1281,36,,1,43.1,Prepaid
C1282,5,97.78,7,12.0,Postpaid
C1283,18,265.92,1,65.8, Prepaid 
C1284,12,354.18,3,72.7,Prepaid
C1285,38,69.53,0,3.2,Postpaid
C1286,39,85.77,1,5.8,Postpaid
C1287,4,142.11,7,11.2, Postpaid 
C1288,23,305.47,1,76.5,Postpaid
C1289,29,91.34,0,1.7, Prepaid 
C1290,43,404.24,1,45.4,prepaid
C1291,9,263.33,1,66.3,Postpaid
C1292,19,191.01,1,71.1,Postpaid
C1293,2,117.73,6,14.0,Postpaid
C1294,18,295.94,3,58.7,Prepaid
C1295,75,459.94,2,43.4,Prepaid
C1296,47,104.55,1,5.8,Postpaid
C1297,41,374.74,2,33.3,Postpaid
C1298,22,190.85,1,101.5,Postpaid
C1299,37,329.65,0,33.5, Postpaid 
C1300,27,216.27,0,84.8,PREPAID
C1301,3,160.2,1,16.2,Postpaid
C1302,2,114.36,5,14.6,Prepaid
C1303,33,344.64,3,37.9,Postpaid
C1304,36,422.64,0,33.9,postpaid
C1305,43,455.04,2,22.1,Prepaid
C1306,3,177.76,5,14.9, Postpaid 
C1307,3,131.89,3,5.4,Postpaid
C1308,52,83.35,0,8.5,Postpaid
C1309,20,261.98,1,82.9,Postpaid
C1310,22,248.15,1,106.7, Postpaid 
C1311,49,379.01,0,31.1,Prepaid
C1312,65,510.8,2,23.5,Prepaid
C1313,16,243.98,2,100.7,Prepaid
C1314,32,91.94,0,,Prepaid
C1315,20,279.19,2,71.1,Postpaid
C1316,1,113.02,5,12.6,Postpaid
C1317,44,417.5,1,30.7,Postpaid
C1318,44,103.98,0,2.8,Prepaid
C1319,2,179.22,5,13.0,Postpaid
C1320,23,245.59,2,79.8,Postpaid
C1321,23,313.57,4,62.8,Postpaid
C1322,46,83.7,1,2.7, Postpaid 
C1323,40,426.99,1,30.2,Postpaid
C1324,16,267.59,1,69.6,prepaid
C1325,32,96.64,0,5.2,prepaid
C1326,28,470.26,1,57.3,Prepaid
C1327,18,265.94,2,61.8,Prepaid
C1328,35,79.67,0,7.9,Prepaid
C1329,4,117.38,9,8.2,Postpaid
C1330,6,158.59,5,13.5,Postpaid
C1331,49,467.34,1,29.7,Prepaid
C1332,20,283.74,1,104.7,Postpaid
C1333,8,186.7,5,15.3,Prepaid
C1334,42,492.96,2,41.3,Postpaid
C1335,39,479.56,0,45.1,Postpaid
C1336,38,348.78,3,28.1,Prepaid
C1337,13,293.36,4,101.9,Prepaid
C1338,22,284.12,2,76.5,Prepaid
C1339,1,109.46,4,10.7,PREPAID
C1340,41,98.45,1,5.5,Prepaid
C1341,68,395.54,0,27.9,Postpaid
C1342,38,90.94,0,4.8,Prepaid
C1343,18,199.04,2,79.0,Postpaid
C1344,18,228.95,5,68.0,Postpaid
C1345,14,233.33,1,70.9,Prepaid
C1346,7,158.05,9,13.4,Postpaid
C1347,32,79.34,0,3.0,Prepaid
C1348,5,153.01,7,10.4,Postpaid
C1349,48,4000.0,2,39.9,Prepaid
C1350,4,111.98,4,15.4,Postpaid
C1351,4,121.85,7,7.6,Postpaid
C1352,16,87.97,0,4.3,Postpaid
C1353,46,401.03,1,31.3,Prepaid
C1354,14,292.4,2,105.2,Postpaid
C1355,49,95.6,1,5.9,Postpaid
C1356,41,434.62,0,44.2,Postpaid
C1357,14,303.9,0,57.1,Postpaid
C1358,49,401.16,0,42.2,Prepaid
C1359,5,166.26,4,12.7,Postpaid
C1360,65,482.26,2,28.8,Postpaid
C1361,29,75.7,1,8.0,Postpaid
C1362,23,92.08,0,8.4,Prepaid
C1363,5,171.49,6,13.6,Postpaid
C1364,13,161.32,5,75.1,Prepaid
C1365,34,81.66,0,6.8,Postpaid
C1366,33,109.31,0,3.4,Prepaid
C1367,24,2200.0,1,85.4,Prepaid
C1368,20,315.08,5,76.8,Prepaid
C1369,2,172.41,6,9.4,Postpaid
C1370,3,130.86,7,11.5,Postpaid
C1371,20,313.07,0,57.8,Postpaid
C1372,51,99.5,1,5.3,Postpaid
C1373,18,263.24,3,72.1,Postpaid
C1374,26,80.31,0,4.5,Postpaid
C1375,42,101.95,0,4.9,Postpaid
C1376,15,263.46,1,83.4,Postpaid
C1377,31,78.35,0,5.8,Postpaid
C1378,27,300.27,1,99.2,Postpaid
C1379,3,137.71,2,13.3,Prepaid
C1380,4,127.46,5,11.0,Postpaid
C1381,49,373.99,0,36.7,Postpaid
C1382,1,126.96,8,18.3,Prepaid
C1383,6,122.78,8,8.6, Postpaid 
C1384,13,200.51,0,60.7,Prepaid
C1385,16,186.87,2,82.0,Postpaid
C1386,45,412.45,1,35.9,Prepaid
C1387,49,519.92,1,25.1,Postpaid
C1388,61,390.42,0,39.3,Prepaid
C1389,33,81.49,0,3.0,Prepaid
C1390,18,77.52,0,4.0,Prepaid
C1391,31,447.96,1,,Postpaid
C1392,25,510.99,2,47.0,Prepaid
C1393,7,141.78,1,12.6,Postpaid
C1394,48,,1,40.0,Prepaid
C1395,6,251.77,1,63.2,Prepaid
C1396,41,76.23,1,5.0,Prepaid
C1397,47,379.27,0,26.3,Postpaid
C1398,13,307.48,2,93.9,Prepaid
C1399,47,,0,4.9,Prepaid
C1400,50,382.19,0,40.2,Postpaid
C1401,22,239.1,1,89.2,Postpaid
C1402,23,253.44,3,83.5,Postpaid
C1403,29,255.98,2,100.8,Postpaid
C1404,39,514.21,1,37.7,Postpaid
C1405,21,171.33,1,64.1,Prepaid
C1406,78,400.42,1,41.8,Postpaid
C1407,53,80.42,0,2.5,Prepaid
C1408,17,242.98,0,78.1, Prepaid 
C1409,1,195.04,9,16.7,Prepaid
C1410,22,287.85,0,72.6,Postpaid
C1411,15,82.11,0,6.7,Prepaid
C1412,4,154.03,2,10.0,Postpaid
C1413,26,257.05,2,67.4,Postpaid
C1414,33,101.41,0,8.4,Postpaid
C1415,29,228.38,2,58.6,Postpaid
C1416,18,240.14,3,93.2,Prepaid
C1417,53,413.16,1,31.1,Prepaid
C1418,20,97.44,0,5.7,Postpaid
C1419,31,413.38,1,47.3,Prepaid
C1420,5,126.3,7,12.5,Postpaid
C1421,2,150.77,6,9.4,Prepaid
C1422,30,75.01,0,6.5,Postpaid
C1423,7,137.46,8,7.3,Postpaid
C1424,2,148.94,3,13.6,Prepaid
C1425,68,,1,35.1,Postpaid
C1426,52,524.04,1,29.2,Postpaid
C1427,6,266.13,6,91.3,Prepaid
C1428,16,222.75,2,87.2,Postpaid
C1429,14,269.3,0,84.5,Postpaid
C1430,47,426.45,1,31.5,Prepaid
C1431,15,211.67,0,55.1,Prepaid
C1432,8,149.49,3,9.0,Prepaid
C1433,23,180.48,1,106.7,Postpaid
C1434,5,147.5,7,8.9,Postpaid
C1435,42,75.11,1,5.7,Postpaid
C1436,20,197.31,1,67.0,Postpaid
C1437,30,83.79,0,4.9,prepaid
C1438,10,,0,93.7,Postpaid
C1439,19,251.41,1,44.8,Prepaid
C1440,14,204.91,0,80.7,Prepaid
C1441,4,134.49,3,13.7,PREPAID
C1442,8,165.13,6,12.7,Prepaid
C1443,4,153.95,3,13.4,Postpaid
C1444,19,88.87,0,2.1,Prepaid
C1445,55,437.62,0,13.1,Prepaid
C1446,40,96.37,1,6.0, Postpaid 
C1447,45,373.61,0,39.6,Prepaid
C1448,16,311.53,5,68.4,Postpaid
C1449,1,178.41,5,17.2,Postpaid
C1450,1,144.8,4,,Postpaid
C1451,31,93.36,0,3.2,Prepaid
C1452,35,508.45,2,19.6,Prepaid
C1453,5,186.64,2,8.3,Prepaid
C1454,60,367.1,1,30.2,Postpaid
C1455,53,393.48,1,42.0,Prepaid
C1456,14,243.22,0,102.3,Prepaid
C1457,19,277.74,3,110.9,Postpaid
C1458,31,73.76,0,2.9,Prepaid
C1459,61,383.66,0,43.9,Postpaid
C1043,65,392.68,0,32.3,Prepaid
C1450,1,144.8,4,,Postpaid
C1281,36,,1,43.1,Prepaid
C1428,16,222.75,2,87.2,Postpaid
C1335,39,479.56,0,45.1,Postpaid
C1224,5,137.09,3,10.1, Postpaid 
C1306,3,177.76,5,14.9, Postpaid 
C1034,41,75.98,2,4.3,Prepaid
C1238,5,136.47,6,13.1,Postpaid
C1138,48,525.62,0,33.1,Postpaid
